8-4-4. ��������衤��Ǿ� ���� ������ǥ ���� ������ �� (2).xls.csv,1
522a44fe5b0f334e2191919fc7861a2234ee0eb1815e3f4875271edd7320f3cb.vt.csv,1
11-8. ��ǰŷ��� �� �����Ư���� ��� ��Ȳ_12��.xls.csv,0
8-9���μ�¡����Ȳ.xls.csv,0
53eef825f55bed4a0db0262d511a318449451f8f87132d840cd64194a062c993.vt.csv,1
4-1-3. ��õ¡�� �����Ȳ �Ű� ��Ȳ��(¡���ǹ������. ����)_12��.xls.csv,0
14-1-6. �ξ��ڳ� �ο� �ٷ����� ��û ��Ȳ(�ٷ����ݱԸ�).xls.csv,0
704093d884ca1dd25daddf67381c44cf863976fc3ea32c1b0d7363b540519e7c.vt.csv,1
6e11a7dbcf8b96f589b58fcf9d8e602150f2a4c957d0ddbc644a5699c7d849f7.vt.csv,1
4-1-3. ��õ¡�� �����Ȳ �Ű� ��Ȳ��(¡���ǹ������. ����).xls.csv,0
5-5-2. ����ǹ� ���ؽð� ��� ��Ȳ(p.244).XLS.csv,0
01a38fd413d976812c47241ca058ef894fc626debac12bc1d37b670a64d583dc.vt.csv,1
65b06316429b1483f11530c12516adf3e6a4fdedfb7c93f86a949e9c71ff391a.vt.csv,1
5-1-3. �絵�ҵ漼 ����Ű� ��Ȳ III(p.212).xls.csv,0
9-2-2. ���λ���� �ΰ���ġ�� �Ű� ��Ȳ II (p.430-431).xls.csv,0
7c2ca16b17a6030378199208c9da871102d41d7fec506cc5c2f0e86bbe09b91f.vt.csv,1
11-7. ��ǰŷ��� �� �����Ư���� �Ű� ��Ȳ(�� 11-6)(p.571).xls.csv,0
3530d6dc58214f02eb04d7258f1581898528779402a48e774fa1475ca206743d.vt.csv,1
58ebf212d7bd501c439f0f31626ff30cc40986543a6b85f2ecba79536090bbb9.vt.csv,1
11-5. ���롤������ȯ�漼 �Ű� ��Ȳ.xls.csv,0
13-20�ο����߱޽���.xls.csv,0
9-2-1. ���λ���� �ΰ���ġ�� �Ű� ��Ȳ��(��ǥ�� �Ը�) (2).xls.csv,0
4c60bb36a8789392f4d2c953f08dac0a0056e0c493a0584481ed3fd4a946cad7.vt.csv,1
3-5-3. ��α� �Ű� ��Ȳ(�ű�)(p.146).XLS.csv,0
496f3ab9ef842f066c5927b06c7e3e7bc34baf69b3fcee876147754092337292.vt.csv,1
2-1-1. ���� ���� �� ���� ����(2-2)(p.54).xls.csv,0
08cc25aa64660368cb8fb4794e39bf7d4ceaa1aac79d654a608f3e9f6cecbfd4.vt.csv,1
38a50bcf51c74d251d4f99db7c46a83710a619be4f0edd94975ced4766762299.vt.csv,1
5-1-4. ����Ⱓ�����ε�������� �絵�ҵ漼 ����Ű� ��Ȳ(5-2)(p.215).xls.csv,0
12a4aa306d0383978ae14147049c741903249215a00649f92998f5799060f6f1.vt.csv,1
aa292421d0b3b634058fc29401724f4cda95d832c1e06697fde9e50059adbdae.vt.csv,1
11-8�����Ư�����Ǽ�����Ȳ.XLS.csv,0
9ae2bafc3307bf7d23651defa278735078c1613a3e64aee3a0e5c687c745c165.vt.csv,1
6-1-3. �ǻ������ ���ɺ� �Ű� ��Ȳ.xls.csv,0
13-9. Ż������ڷ� ó�� ����.xls.csv,0
3-8����ҵ���հ�Ű����Ǳ���ҵ���Ȳ.XLS.csv,0
11-5. ����.������.ȯ�漼 �Ű� ��Ȳ (2).xls.csv,0
095ea692d96524d06de1848e22a178fccc8086687dbb4922853f4c5231498ca0.vt.csv,1
bdb2a67869b6b018cf011bfd97589de329cf7cb1e5a4de04e5afa195270d1f1d.vt.csv,1
3-1-8. �ٷμҵ����� ��ռҵ�ݾ� �Ű� ��Ȳ ��_12��.xls.csv,0
51b3eb706280e7c1f63bfc338ee1698fa9521c45c72298f8c44a278c650fe5bb.vt.csv,1
8-4-8. ��������衤��Ǿ� ���� ���Ͱ�꼭 ���� ������ �� (2).xls.csv,0
7-4-2. ��ǥ�� �Ը� �����ջ� ����� �Ű� ��Ȳ(7-7)(p.290).xls.csv,0
2eb027dc50edd81b66195cdcb5bb6da326b81cde6aebf01f9a9e0f29af69c82d.vt.csv,1
b3462b9242284d3f07c12f7b3b22d1f5b5b8e36de83c973f76d8ae7269699001.vt.csv,1
2-10�ڻ�з���Ȳ.XLS.csv,0
b1a13c88a67c60cc079e29ba0ff595d2e6a4cbe996077076eeb1b4a4f01b2209.vt.csv,1
1-2���Թ׼�����Ȳ.XLS.csv,0
3-1-7. �ٷμҵ����� ��ռҵ�ݾ� �Ű� ��Ȳ��.xls.csv,0
a2d9041e591d82756ff53eed2bab8520cd704b33ad4e0bc933ab5c322a2f63d1.vt.csv,1
5a41ccf08229a21f5b1f428516977f4eadaa24459c281d7372df67336a4b40af.vt.csv,1
9ab0e566fb882035cd7257d53d4dbed3c73cd07b5d56d7562ad4f0a37f8d9a6a.vt.csv,1
9-6-3. ���λ���� �ΰ���ġ�� ȯ�� �Ű� ��Ȳ��(��).xls.csv,0
6-4������Ӽ������Ȳ.xls.csv,0
252108f9a3b7de054bea6a72cd7b536335fd6b06b68c680e340cc46f8346650e.vt.csv,1
1-1����û�Ұ�����Ȳ.XLS.csv,0
9-10����ý�ȸ��ΰ���ġ��������Ȳ.xls.csv,0
15-1. ����û ��� ��Ȳ(p.750).xls.csv,0
9b745933e5d61c7f69b9d09d81265db9059f4b3642ed0376c3823745c9480968.vt.csv,1
9-4-4. ���̻���� ���º�����ǥ�� �Ը� �ΰ���ġ�� �Ű� ��Ȳ (2).xls.csv,0
3173caa22905c70bcc30cec61ec168cafb07526e7b85aa652897a1f4332bde4e.vt.csv,1
14-3�������ű�ä����Ȳ.xls.csv,0
11-8. ��ǰŷ��� �� �����Ư���� ��� ��Ȳ (2).xls.csv,0
4229fecb2793daaf0ecd276ddfc0e2310267af266e9a17a0bcbbcc711478d067.vt.csv,1
024246facd8b0209961e596ee323d4d6175161283cf50d1590b3a623b3eca94d.vt.csv,1
6-1-3. �ǻ������ ���ɺ� ��Ӽ� �Ű� ��Ȳ (2).xls.csv,0
987ce8fe0fd8728026cc12ea9ab2f5b808a420bc5f01060f78c8ed139ee112d5.vt.csv,1
13-8. �����Ż�� ���� �����Ģ ��� ����.xls.csv,0
13-4. �ΰ���ġ�� ��� ���� (3).xls.csv,0
13-4. �ΰ���ġ�� ��� ����(p.710).xls.csv,0
8961ce481d754141af7af5f15e09e829a0ae53821aa466e41f1fd788f83cd92b.vt.csv,1
2-3-3. ������ ����� ü���� ��Ȳ (2).xls.csv,0
206686d851f847b41add9752a5df2a5710a269f54d4649338e035ada50cd4fb4.vt.csv,1
6-2-6. ��Ӽ� �г��Ű� �� ���ο��� �㰡 ��Ȳ_1������.xls.csv,0
11-9. ���� �Ű� ��Ȳ (2).xls.csv,0
13-8����������ιλ�Ҽۻ��ó������.xls.csv,0
9-10-3. �ΰ���ġ�� �鼼����� ���Աݾ� ��Ȳ II (���).xls.csv,0
11-5. ���롤������ȯ�漼 �Ű� ��Ȳ (2).xls.csv,0
8-1-8. ���� �� �絵�ҵ濡 ���� ���μ� �Ű� ��Ȳ.xls.csv,0
79ba3338e507701af421d546b810012b8acded9bbb1552fadd86e34a4b2e00b1.vt.csv,1
6-3-5. �����ΰ� ������ ��躰 ��� �Ű� ��Ȳ (2).xls.csv,0
13-12������߽���.XLS.csv,0
9-7-3. ���λ���� ��������º� �ΰ���ġ�� �������� ��Ȳ(���� 9-11)(p.479-480).xls.csv,0
9-6-4. �Ϲݻ���� �ΰ���ġ�� ȯ�� �Ű� ��Ȳ��(����).xls.csv,0
14-2-2. ���ǽ�û ó�� ���� (2).xls.csv,0
0e99c26de560c4ec633ca9287d3a92a08bc16bce0b330f4d7f2f31d28cc8fa02.vt.csv,1
6a423b9bcfed2925fa207df81d7426c4ccdbb1083afd8c805fb5dda448ee65a0.vt.csv,1
17d702684878f74642ce437fc015b8f3b588075112165e51b3ab5923cbbd4e37.vt.csv,1
15-4. ���������� ��� �ǽ� ��Ȳ(14-4)(p.661).xls.csv,0
8-3-2. ���װ�� �Ű� ��Ȳ(p.370).XLS.csv,0
12-6��������ܱ������Ȳ.xls.csv,0
887e9f3fa384a3e6ce6f934e13ec9396679c7bb8cfac03b39771d0c1c1b9deac.vt.csv,0
3-5-4. ��ռҵ漼 ���꼼 �������� ��Ȳ (2).xls.csv,0
9-2-5. ���λ���� �ΰ���ġ�� �Ű� ��Ȳ��(���) (2).xls.csv,0
2270ad2be65d6cecd14cf419917a388d316b4130f6505ca0ba50724293c5fc95.vt.csv,1
12-2-1. �ܱ������ڹ��� ���º� ��Ȳ(p.675-676).xls.csv,0
9-3-1. �Ϲݻ���� �ΰ���ġ�� �Ű� ��Ȳ��(��ǥ�� �Ը�) (2).xls.csv,0
ae6b4b8d09c1d9bc33809185878a5b87896b1a018129ef84ff614ee3001e522f.vt.csv,0
4c1e1f0c2f83d383b2c696f8962fd1e0a239cb1ed07e40e2e2e53d1bbea70592.vt.csv,1
23c435d763ac151b6ca0040d2b65c72a1e337d0551ebfdad3037323d9ccc6040.vt.csv,0
8-1-9. ���μ��� �� �����Ư���� �Ű� ��Ȳ(p.354-355).xls.csv,0
9596cdb21280af4ecae0c0356ddf887608ba5a509e39880b538efb35a3bbc5d1.vt.csv,1
4-1-3. ���º� ��õ¡�� �����Ȳ �Ű� ��Ȳ(�ű�)(p.163).xls.csv,0
2f12b09b257e88b05b03eba2d3ec27d74ac6ab1144b7373058f1e87b3555b1f8.vt.csv,1
13-2. �絵�ҵ漼 ��� ����(p.707).XLS.csv,0
059cd5c460955e5e86338e8b9e5be11ef96a93d37238b3ce319a439251254c3f.vt.csv,1
7fca31d140c515370ef6acb3e416b1adb3141f544a95497394918e855c5210c0.vt.csv,1
7b2f5711ea5500f8ba063070ebca58577903816f2cee62a727ea80ff255369bc.vt.csv,1
5-5-1. ����ȸ��� ���ؽð� ��� ��Ȳ(p.243).XLS.csv,0
8-5�����α���Ȳ.XLS.csv,0
8432fbfc680b6a313deb168c8634de88ed848f12e477cf3faa8f33c7475e61fe.vt.csv,1
67edb5ac0e9a9e777c53fee10683faa56e7f0dc18495f5a17bd44ee68d71232c.vt.csv,1
5b9a06bb4f2c6a6f6d525c586f5b8caa3c9385f68fdda88eaf3112d93e23eaae.vt.csv,1
8-6������񰨰��󰢺���Ȳ.XLS.csv,0
7c7a9978baee434eb5b40855fed300192351af0b3d423b94c418b2fc403ddafe.vt.csv,1
1-1. ���� �� ���� ��Ȳ(1-2)(p.44).xls.csv,0
0d20fa62f0b421b019122c727504b25471597d5e505833c9f78bd743d47f254b.vt.csv,0
11-8. ��ǰŷ��� �� �����Ư���� ��� ��Ȳ.xls.csv,0
9c342fffefc04d949e84621a6a2f6623bbaca2a4cd729f0a5e97674efb484588.vt.csv,1
0998d91c65eadeb87816670a39819f7279bca3bc7f83ac7346120db94d825ad0.vt.csv,1
62d6762cd87be017129963486f0cc9b87c222756dd34b2d3dfa9bae1b2363c8a.vt.csv,1
bd7745a252f92a9a8ef0e0469d113c354dde8547e1cbc9a865080cfa48eda9c8.vt.csv,1
a55868ecea1c86b8c80857751965d26fc6e3b56fa8ba5840fdae806e139ef874.vt.csv,1
0d4ddc97a5cf21cc8bdea75e6d269c323b98abcb26488e3959923eea52ce7bda.vt.csv,1
8e8ac08669d466c6c3f8ad7ffafbb5ed43493746c2f40d1e51fd25155d777c53.vt.csv,1
12-5-2. �ؿܱ������ �Ű� ��Ȳ II(����) (2).xls.csv,0
8f737b55098ee7b575d3601057d75b81dfd7f82958a7ad0a4f21ca0a5554f7b8.vt.csv,1
21556099b2df679edc3bf18d24f39a26541881c7ee5b40700f4cc2fe3f7f49d3.vt.csv,1
15-3. ������� �ű�ä�� ��Ȳ(p.754).xls.csv,0
12-5-2. �ؿܱ������ �Ű� ��Ȳ II(����)_2������.xls.csv,0
49f2d8bda14d2b756ab4a9eddc2f2fe60c5957b942d7b6092ef87a0a38ea1573.vt.csv,1
7-1-3. ��պε��꼼 ��� ��Ȳ��(��������)_12��(�����ּ��ݿ�).xls.csv,0
2-3-3. �� ü���� ��� ����(�ű�)(p.89).XLS.csv,0
b44f33b6b031c32b11280770c987332de6c39b480192220b0778d7cc4b4f047b.vt.csv,1
a39fcc9b092eeafa2b4071ecbbb10be1fa09ba83f635206f3a35f1ab4f601390.vt.csv,1
9-27�������ȯ�������Ȳ.XLS.csv,0
1-4. ����δ��(1-3)(p.47).xls.csv,0
5-1-7. ��̴����� �絵�ҵ漼 ����Ű� ��Ȳ.xls.csv,0
0ab72b76f1f7b50448c5f26fa6f386589013d33761b05cb66c2eaa8846af2ffb.vt.csv,1
b9e14c453583f1687b6778a9082f5857b2684dc318ee223224fd77e8d57569a5.vt.csv,1
8-4-10. �������.xls.csv,0
13-22�����븮����Ȳ.XLS.csv,0
13-3����ο�ó������.xls.csv,0
12-5-1. �ؿܱ������ �Ű� ��Ȳ I(�Ű������.�������)_2������.xls.csv,0
93154827665f741a82a962a5563c212d3077198cae440256efd1627d612fe523.vt.csv,1
4-4-2. ����ҵ� ��õ¡�� �Ű� ��Ȳ��(��ǥ�� �Ը�. ����޿��� �Ը�).xls.csv,0
9-1-5. �ΰ���ġ�� ¡�� ����(p.427).xls.csv,0
6-2-3. ����� ��Ӽ� ��� ��Ȳ(6-4)(p.258).xls.csv,0
585775342c624646dd15cbfc3c5c1bd9691a7f1f1204c82f99e899f32d81600c.vt.csv,1
5-4-4. 8�� �̻� �ڰ��ο� ���� �絵�ҵ漼�� ��� ��Ȳ(�ε��������. �絵���� �Ը�) (2).xls.csv,0
34762bfb8ad33b854d0d7a5ae2d7190d27fb723f4582f514b48e24c898324849.vt.csv,1
12-2-1. ����������� �ܱ������ڹ��� ��Ȳ(���� 12-3)(p.593-594).xls.csv,0
866463dcf0040e959bf8a803acc946f9f729d93fa1af8ad23ffe75bf25f9d10e.vt.csv,1
9bfeced0867578758380e109de75f39ff1823cbe6237e3fb69069cb17c962371.vt.csv,1
36d3253d5af7ce5744b6a4c675b08fba74953c9ae87b1a0ab14d843b993fc56b.vt.csv,1
1fd6fdaa03129296d9cde7498534b024d87b3520b1690d7ee59b07b1651aa246.vt.csv,1
71a5ee88580fb5ab41db8fe42ba2197cfaeed46ff40b4d8942ced0d5eda9d2b3.vt.csv,1
2-4-2. ��������� �������� ��Ȳ_1������.xls.csv,0
6af792517cdefd626c919017b036910c9e3e15fc8bc70158a9c0c2a2d505ed00.vt.csv,1
007d58fa3314178bda58e3d1792b3837c8d3a36bf8f4700f4efb0ae3546ab641.vt.csv,1
4-4-3. ����ҵ� ��õ¡�� �Ű� ��Ȳ��(��.����.10�������).xls.csv,0
67ef95841bc7c2beb6b026a121d69305eb2a4d424133e92c61da8cc6ace62f55.vt.csv,1
13-9. Ż������ڷ� ó�� ���� (2).xls.csv,0
7-2-1. ���ú� ��պε��꼼 ��Ȳ��(��. ���������) (2).xls.csv,0
9-1-4. �ΰ���ġ� ��Ȳ(p.426).xls.csv,0
3-2-8. ��ռҵ漼�� �� �����Ư���� �Ű� ��Ȳ(�ű�)(p.135).xls.csv,0
9-1-3. ���λ���� ���º� �ΰ���ġ�� �Ű� ��Ȳ(���� 9-1)(p.372-373).xls.csv,0
5-2-3. �絵�ҵ漼 Ȯ��Ű� ��Ȳ��(�ڻ����. ����Ⱓ).xls.csv,0
0c19f5fb5238c028865ec22179fdfdd6ba58d18730f6e005a2f412dad3354b3b.vt.csv,1
5df271b09f9c20cc60e1f79852ac5ef3bb1c62bec166571ba790885c9aceba97.vt.csv,1
13-5. �ַ� ����� ������� ����(p.711).XLS.csv,0
11-4. �����Һ� ���� �Ű� ��Ȳ (3).xls.csv,0
8-2-1. ���� ��� ���μ� �ֿ��׸� �Ű� ��Ȳ(�� 8-2)(p.311).xls.csv,0
9eb8ebebbde91619a1d97bdb24344c6455eaba7907b71701f16829bff1d0956a.vt.csv,1
9-4-4. ���̻���� ���º�����ǥ�� �Ը� �ΰ���ġ�� �Ű� ��Ȳ(p.500-501).xls.csv,0
4665c9d5c277cacd3d02dbde9068383608010efaff0bb0651e6434c45e79c387.vt.csv,1
12-4-1. �ܱ����� �������� ��Ȳ (2).xls.csv,0
5-4-4. �絵�ҵ漼 �г� ��Ȳ(p.241).xls.csv,0
6-2-5. �ǻ������ ���ɺ� ��� ��Ȳ (2).xls.csv,0
269d2b95b16dc18bc7ae68a60bd3ee61ce81cf9627b0bc93de9a966bcef4d55f.vt.csv,0
8-1-7. ���μ� �߰����� �Ű� ��Ȳ(p.351).xls.csv,0
5-4-3. �絵�ҵ漼 �̿�����̿� ��Ȳ (2).xls.csv,0
43a9e9ad82bf14f02bca791387e5cc472a408086b7169fa37fb31df0b3aaaf7d.vt.csv,1
13-8. �����Ż�� ���� �����Ģ��� ���� (2).xls.csv,0
3-10���λ����������.XLS.csv,0
8-4-5. ���Ͱ�꼭 �ֿ� ������ �� (2).xls.csv,0
11-10. ������� ���� ��Ȳ.xls.csv,0
9-22���º��ΰ���ġ�.xls.csv,0
84087d324c4afedc066a20f3ce84f3af0c5430c7c4060e9c77dc50f714cc60e7.vt.csv,0
2-3-7. �ڻ� �з� ��Ȳ (2-10)(p.93).xls.csv,0
14-2-1. ����ο� ó�� ����(13-3)(p.636).xls.csv,0
bf9e9052b88c99d06992520bde15f3c398e1c973b74a29db383b6701315e8f74.vt.csv,1
9927a67f3e7ad9c702ed5bfb3c3af153c00dfaf6e1c5522e10a74b636037a063.vt.csv,1
8-5-2. ���μ� ¡�� ����(8-9)(p.347).xls.csv,0
5-3-4. ����Ⱓ�����ε�������� �絵�ҵ漼 �������� ��Ȳ(�ű�)(p.229).xls.csv,0
11-5Ư���Һ񼼱��뼼�������.xls.csv,0
6ab2c3a99ab3de131659fff3146060035e801fb903a02312df958a6aaabe172f.vt.csv,1
12-5-1. ���߰������� ü�� ��Ȳ(12-9)(p.610).xls.csv,0
1938a9f8624f146381842a5eb54663fcc189865d04e9d194143810448fa7cbe8.vt.csv,1
448b16303737ce5fa4a2303fa5f57ad767e29a486a27d229a7598930d6af5ace.vt.csv,1
9-4-6. �ΰ���ġ�� ¡�� ����(9-13)(p.445).xls.csv,0
9-10-3. �ΰ���ġ�� �鼼����� �ֿ��� ���Աݾ� ��Ȳ(�ű�)(p.528).XLS.csv,0
13-4 �ΰ���ġ�� ��� ����(�� 9-12)(p.616).xls.csv,0
5-2-6. ��̴����� �絵�ҵ漼 Ȯ��Ű� ��Ȳ.xls.csv,0
2-4-2. ��������� �������� ��Ȳ(p.51).xls.csv,0
8-8���Ͱ�꼭�ֿ��������Ȳ.xls.csv,0
766dff9e3c385de29fa6ddf7f1e975288a04f90579ec97123eef7f146c107610.vt.csv,1
7-2-2. ��ǥ�رԸ𺰡�������ü� ���ú� �Ű� ��Ȳ(��7-5)(p.286).xls.csv,0
6-4-8. �����ΰ� ������ ��躰 ��� ��Ȳ (2).xls.csv,0
4-4-2. �ҵ� �Ը� ����ҵ� ��õ¡�� �Ű� ��Ȳ(��4-8)(p.204).xls.csv,0
5-4-5. �絵�ҵ漼�� �� �����Ư���� ��Ȳ (2).xls.csv,0
4-4-3. ����ҵ� ��õ¡�� �Ű� ��Ȳ III(p.202).xls.csv,0
b52f437b57b50d61fece5e01db5008bb0001b04eca61c29f1347ff5536bdd43c.vt.csv,1
9-8-9. ���º� �����ǹ� ����� ��Ȳ(9-16)(p.513).xls.csv,0
6-2-3. ����� ��Ӽ� ��� ��Ȳ(p.272).xls.csv,0
13-8. �����Ż�� ���� �����Ģ��� ����_2������.xls.csv,0
12-2-2. ���� �Ը� �Ű� �ܱ������ڹ��� ��Ȳ (���� 12-3)(p.595-596).xls.csv,0
8-17���λ�����ǳ����Ư�����Ű���Ȳ.xls.csv,0
3c28aa2d74bdbdd75f6f2bb6f51b143a2729a3832ce15800336e7f81768896ee.vt.csv,1
10-4-1. �ַ� �ŷ��� Ȯ�� �ܼ� ����(�� 10-7)(p.555).xls.csv,0
9-9-4. �ſ�ī�尡��� ���� ��Ȳ(p.596).xls.csv,0
8bd0118d236ed4d0a8dc4661ba7fb20ec172453a5a05252f8117994bf4e89bbf.vt.csv,1
11-8. ��ǰŷ��� �� �����Ư���� ��� ��Ȳ(�ű�)(p.572).xls.csv,0
0855bf19a0045dc29784a1b92d4dcee376e0074c398f5b941f0be0b449df02c7.vt.csv,1
80bc5f831147a665ed9914fb0d4c7bc754d7cc8888e8eb87ca9d1781ec19c82b.vt.csv,1
ba560ac9d6b98aee02cf269e756343d6880ac149a2b8eb210ad1c08388c84784.vt.csv,1
a02a402c85c1049466a34a10c6d54682db6a3026a5a1234ac36379ff281b58ad.vt.csv,1
3-3-2. ��ռҵ� �Ը� ��ռҵ漼 Ȯ��Ű� �ο� ��Ȳ(3-4)(p.137).XLS.csv,0
9-15���������ΰ���ġ��ȯ����Ȳ.xls.csv,0
857d8d6b840d8980c8e4c3b3d977ef82caf6a8596e49c14ad0d17de410e8e64c.vt.csv,1
479045d340938b77504a6abb0888c31671aeb3b4c42de2c55ae799a1f0c8aa85.vt.csv,1
98953aa8fd9528eb83e43993ef8b8f84758c846b62f33150d8dd10e1c8446791.vt.csv,1
1609bb1507ea1ceb505ab091f475a1c1e5054fb940021e056391a72711d8feb4.vt.csv,1
12-2-2. �ܱ������ڹ��� ���º� ���μ� �Ű� ��Ȳ(p.677-678).xls.csv,0
6d5fbdef24cc465e0f79f4a72ff1c45ac127e8050dc46f9397ae3e728de7274a.vt.csv,1
4-1-1. ��õ¡�� �����Ȳ �Ű� ��Ȳ I(p.139).xls.csv,0
3baf8b512f61ba658d2bc569a26469083bf6825bb99104df2e802ae0f558a4ba.vt.csv,1
14-2-4. ����Ҽۻ�� ó�� ���� (2).xls.csv,0
a737f7e8761c9b63fab9a770a40f9e6357244db2db963b641d6e25c07f29c010.vt.csv,1
11-2. Ư���Һ� �Ű� ��Ȳ(11-2)(p.564-565).xls.csv,0
10-3-2. �μ��� �� ���� ��Ȳ(���� 10-9)(p.550).xls.csv,0
2-1-2. ������ ���� ����(2-1)(p.55-57).xls.csv,0
5-4-1. ��� ���� �絵�ҵ漼 ��Ȳ(p.238).xls.csv,0
13-7. �ڷ�� ��� ����(p.713).XLS.csv,0
4-1-1. ��õ¡�� �����Ȳ �Ű� ��Ȳ��(�ҵ����).xls.csv,0
38829bfd20d2b94068b9348e20932656663029d92e37fd108396d6745a84c639.vt.csv,1
89d3d6d8b06f8d5ea720eb79483b4b398b85c83e6d3c8a89c6dbf64b9b9e54f5.vt.csv,0
8-2-3. 10��� ���� ���μ� �ֿ��׸� �Ű� ��Ȳ (2).xls.csv,0
7-3-2. ����ջ� ����� ��պε��꼼 �Ű� ��Ȳ II(p.304).xls.csv,0
8-3-4. �߰����μ��� ���� �Ű� ��Ȳ (2).xls.csv,0
38dc3789b82cfda9a233db3eb2184bdf694ea1f5f03d38ba0d28701914d0783d.vt.csv,1
88557a5bb498f7d5c1bdfbad61819d732a75d09abbceca20e8cf38f84fa6f219.vt.csv,1
848de91c16469e9f09e284adbbbf8cf317db916b414240c6bd46364a8f4c2c84.vt.csv,1
0f18a6ebf73578c1869215b4cc5a57884fc34e96fa5a674cc76e7f562605a2e8.vt.csv,1
018dabcd86473ced6be4536e8a032d5b55b9b6ec0e65ce6604041e3418517132.vt.csv,1
10-7����ַ�ܼӽ���.xls.csv,0
11-4. �����Һ� ���� �Ű� ��Ȳ.xls.csv,0
3c116943abd9fca5349dda0e4a09509f1785c807e33db100df7d44c9471623d7.vt.csv,1
3-2-3. ���������ɺ� ��ռҵ漼 �ֿ��׸� �Ű� ��Ȳ(3-2)(p.127).XLS.csv,0
195d0cc31392d7537a5df4927b15e9d37e9dda6423511b7e4540a05c832470b5.vt.csv,1
12-3-2. ��ǥ�� �Ը� �ܱ��� ��ռҵ漼 �Ű� ��Ȳ(���� 12-7)(p.607).xls.csv,0
10-4����������Ȳ.xls.csv,0
91e3bc9dd78f401b99bffa0a1ad945ba528bfd7303f9f8f611526f6c1c37f795.vt.csv,1
7-1-4. ��պε��꼼�� �� �����Ư���� �Ű� ��Ȳ(�ű�)(p.284).xls.csv,0
79b36db906eb7bb59e02415d456f80c7b6f4ae53fdcc1ec4a3c43fffd7f8c5cf.vt.csv,1
7dcb7f8c653d3f2787a11a1d88c0960e441f5e86b986e8d0b848d28ef7402509.vt.csv,1
9-5-3. �Ϲݰ��� �ΰ���ġ�� ������� ���� ���Լ��� �Ű� ��Ȳ(p.524-526).xls.csv,0
4734ed15717d2fc484fc51f0bc89e70d3bbadc83c92f6cd1e09aa8820cac02c2.vt.csv,1
5-4-4. �絵�ҵ漼 �г� ��Ȳ (2).xls.csv,0
14-4-2. ������ ����(13-2)(p.652).XLS.csv,0
1-1. ����û �Ұ� ���� ��Ȳ (2).xls.csv,0
7-7��ǥ�رԸ𺰺����ջ��������պε��꼼�Ű���Ȳ.xls.csv,0
6b30ccf93b91e30cf67a653075e665459ee100034ab04cc6cbe13eb047ec67f5.vt.csv,1
abcbf51db0e28d2200a2335c2698ebe04ef35bc8016327d49a53f8652b59ade8.vt.csv,1
12-2-9. �ܱ������ڹ��� ���� ��Ȳ.xls.csv,0
6-2-6. ��Ӽ� �г��Ű� �� ���ο��� �㰡 ��Ȳ (2).xls.csv,0
67d08cbd4c053203122d9fb78b568eb82fb2bc4bc81afd04e9a25bd26e3c955c.vt.csv,1
8-2-4. 10��� ���� ���μ� �ֿ��׸� �Ű� ��Ȳ(�ű�)(p.322).xls.csv,0
14-2-2. ������ջ�㼾�� ������� ����(13-21)(p.637).xls.csv,0
3-1-5. ����ҵ� ��հ� �Ű����� ��ռҵ�ݾ� �Ű� ��Ȳ.xls.csv,0
56406e9719dabe9893db629b9b76b892f93f12aa1b54b0ac8ba32db2c4d0ff5b.vt.csv,1
481fdc529c159112978b2e8b04884873a5487055fbae68775159c6c3d65837e4.vt.csv,1
12-4-1. �ܱ����� �������� ��Ȳ(p.703).xls.csv,0
3-1-6. ��ռҵ漼�� �� �����Ư���� �Ű� ��Ȳ(3-2-8 ����)(p.102).xls.csv,0
9-8-8. �������ȯ ����� ��Ȳ(p.582).XLS.csv,0
3-4-3. ����ҵ� ��հ� �Ű����� ��ռҵ�ݾ� �Ű� ��Ȳ(��3-8)(p.143).XLS.csv,0
7-2-1. ���ú� ��պε��꼼 ��Ȳ��(��. ���������)_12��(�����ּ��ݿ�).xls.csv,0
15-1. ����û ��� ��Ȳ(14-1)(p.656).xls.csv,0
01255b9e47430435460334f8be5a21529633e49ebcd6fd484a249cc6866e68aa.vt.csv,1
9-12�ΰ���ġ��������.xls.csv,0
5-1-5. �絵�ҵ漼 ����Ű� ��Ȳ��(�ε��������. �絵���ױԸ�)_12��(�ּ������ݿ�).xls.csv,0
069aac5b19695b0b4bd07d737a3c35eca06f8f655705b19205c65adfdddf6e7e.vt.csv,1
baa2038fe7e4758a97d8d3dd26a123fa7d5bbb7348cbe4e3e483d925955ab48d.vt.csv,1
2-5-1. ������� ����_1������.xls.csv,0
45252300d245a0fb829892ec6dd50827d337c149e81aeb12871c509a7ea5afad.vt.csv,1
13-9. Ż������ڷ� ó�� ����(13-10)(p.621).XLS.csv,0
b311b08afa97c95e90ad228da58b6178864dc281e4d24552df00c9ea6a788eae.vt.csv,1
2-3-4. ü��������ڷ� �ſ������� ��� ��Ȳ(p.46).xls.csv,0
8-3-4. �߰����μ��� ���� �Ű� ��Ȳ(p.373).XLS.csv,0
12-2-5. �ܱ������ڹ��� ���� ��Ȳ(12-5)(p.605).xls.csv,0
9-4-5. ���̻���� �ΰ���ġ�� �Ű� ��Ȳ��(���) (2).xls.csv,0
5e3777977c327070610b62171f1c88675a7d767e6875771f43c8be0d57f872f9.vt.csv,1
6-2-5. �ǻ������ ���ɺ� ��� ��Ȳ(p.274).xls.csv,0
4b32d409cc087fc8417563c9de8dd4507aa22662078143f8e45779086f616e28.vt.csv,1
8c0c8a18ed3d80ae5b69579e5c963df5480e3b7e5def991f9e36106fe3ee27bc.vt.csv,1
6-3-4. �������� ���� ��� �Ű� ��Ȳ.xls.csv,0
2-11ü���ڷ�ſ������������Ȳ.xls.csv,0
1a6967fc133c572e84e260304aeb4e1cf5ef1431e999492cc8111c5808e80e59.vt.csv,1
1-1. ����û �Ұ� ���� ��Ȳ_1������.xls.csv,0
14-1-4. �ҵ���� �ٷ����� ��û ��Ȳ��(�ѱ޿���.�ٷ����ݱԸ�).xls.csv,0
11-5. ���롤������ȯ�漼 �Ű� ��Ȳ_1������.xls.csv,0
6-2-6. ��Ӽ� �г��Ű� �� ���ο��� �㰡 ��Ȳ.xls.csv,0
11-1�Һ�����Ű���Ȳ.xls.csv,0
9-11�ΰ���ġ�������Ȳ.xls.csv,0
13-8. �����Ż�� ���� �����Ģ��� ����.xls.csv,0
55b001c6e06e2e2b1f4737aa3fd40891a5db45439996c2771e1eee16729da34c.vt.csv,1
2-3-1. ü���� ��� ����(p.42-43).xls.csv,0
8-4-9. ������� ������ ���θ�.xls.csv,0
10-5�ּ��������.xls.csv,0
1954501a7f8d5cc060155ab347c5ba6afdf268a13623646b501c9b73fe264f60.vt.csv,1
8-3-1. �ҵ��� ������ �Ű� ��Ȳ(p.369).XLS.csv,0
1584d8ea0d0a864fe1c17f1d8375e45b044523fd5f7cf45ea5ef726824b02bad.vt.csv,1
9-5-7. ���̻���� ������� �Ű� ��Ȳ (2).xls.csv,0
5-1-5. �絵�ҵ漼 ����Ű� ��Ȳ��(�ε��������. �絵���ױԸ�) (2).xls.csv,0
4482e4754edb7e74b4bd7224ae271abef7b0633b3152655ae7af77ac4871a005.vt.csv,1
10-8�ַ���������Ȳ.xls.csv,0
afba60125552729336ff567ec3f72571e84a823708e36e165eef19b395c9394d.vt.csv,1
2173a81011be8c709740a74a65674ac9d84510cb93fdc94134d883c4f61642f6.vt.csv,1
0e898171264df0d8a806672b6727a93c6f4745337e5d542be5b7c8d86623dc10.vt.csv,1
8effa1388f006e57d2ae97a144d1ea23f456bea13e43801bb60c8a93f83e063b.vt.csv,1
39999a843ca14921a44574da6e583ac796b4ecc132ae849a8ec08ece13aaeb6a.vt.csv,1
51787ef4203e13fb868ac76a8f71eb165eb7f0d83927dcbdf6b674143066f9b8.vt.csv,1
8e94e44eeee19269e649795be3cae32a88690784d8cc6bc08d339cfcd0dfc5fa.vt.csv,1
52e6f3c8301df68dd941f97db3340fa6afd58f7f3fc0b7ce6a57703806e9165a.vt.csv,1
6-3-4. �������� ���� ��� �Ű� ��Ȳ_12��.xls.csv,0
bedc10cdfab8c44f88b20a0bf71d6d5259b7ed062af0c066fd6f8e39057d1289.vt.csv,1
3-5-5. ��ռҵ漼�� �� �����Ư���� �������� ��Ȳ (2).xls.csv,0
11-4. Ư���Һ� ���� �Ű� ��Ȳ(���� 11-5)(p.568).xls.csv,0
6-3-7. Ư������ΰ��� �ŷ��� ���� ��������� �����Ȳ_�ű�.xls.csv,0
3-3-3. ��ռҵ�ݾ� ���30�ۼ�Ʈ �Ű����� �ο� ����.xls.csv,0
2-4-2. ��������� �������� ��Ȳ (3).xls.csv,0
9-1-1. �ΰ���ġ�� �Ű� ��Ȳ �Ѱ�(�ű�)(p.368-369).xls.csv,0
12-4-1. �ܱ����� �������� ��Ȳ_2������.xls.csv,0
a1f870afdb6cc92ba7efbd38e80dea27e09652f50829b1a3b798d471efc76b9c.vt.csv,1
7-4-1. �����ջ� ����� ��պε��꼼 �Ű� ��Ȳ(7-4)(p.289).xls.csv,0
11-10. ������� ���� ��Ȳ(�� 11-7)(p.574).XLS.csv,0
8-16���λ����������.XLS.csv,0
7-2-1. ���ú� ��պε��꼼 �Ű� ��Ȳ I(p.301).xls.csv,0
14-4-3. �����븮�� ��Ȳ(13-22)(p.653).XLS.csv,0
13-2. �絵�ҵ漼 ��� ���� (2).xls.csv,0
b7fd65dcb5f29ff48c820a64d30c0bad7e72add714a287b33df7aa68251ad8f7.vt.csv,1
2-3-7. �ڻ� �з� ��Ȳ(p.49).xls.csv,0
66f8486c5164f58987d86c9f91d8340f111c4643310e79d1ab3357945607139e.vt.csv,1
7be44318ce5c279488fd4f7b52cc23aa35e7d2beaaf2e3b53698e296ce7dea11.vt.csv,1
7fab03f6a1d2dc88821384691826a56c3c3cfb75fc2fba901d5ff08e9ef00dfc.vt.csv,1
4d490f7d17a5f91346677fe969c08248bbed2b5e7757d7682f2b3264752562cb.vt.csv,1
4-1-4. �������� ���ڼҵ� ��õ¡�� ��Ȳ(p.142).xls.csv,0
0855da5a6db49a1d2043493d292f3282845b92d4b1d4f6c55eea9026cfcda488.vt.csv,1
6c0492c765c1be7fbc64c83dc6a3fd967392dea3f3afe59aac6d7236f87f7e22.vt.csv,1
1030f5d25301adc967ab3b5d54581911e3cc59e3f8c7ee083f51e01814cd9626.vt.csv,1
5-4-4. �絵�ҵ漼 �г� ��Ȳ(�ű�)(p.234).xls.csv,0
82a58024fadfaf7c6728a52ed11fae85483e01fd532726031b05f8e06fd32af4.vt.csv,1
8-7������ǥ�ֿ��������Ȳ.xls.csv,0
1dc170fb1ca9e7a48b7b866d7ef0af55d84a7ff819864a5f83ddf9ddf08ffe7e.vt.csv,1
92d2ec365e8281696b0c9c83052682433ea701be99a6d2b5d1b3ad650728b5a6.vt.csv,1
625ed818a25c63d8b2c264d0f5bd96ba5ad1c702702d8ffaa4e0e93e5f411fac.vt.csv,1
2-3-2. ü���� ��� ����(��).xls.csv,0
5-4-3. �絵�ҵ漼 ���װ����װ��� ��Ȳ (2).xls.csv,0
2a3d05c2ab27406ea0b12d4a864d9d2a156be1b9beba6286255b40ee55517e39.vt.csv,1
b7a814deba56c6905c72d744d02398d46b34e9d1d7d02b5a501b1bddaf566407.vt.csv,0
9-6-2. ���λ���� �ΰ���ġ�� ȯ�� �Ű� ��Ȳ��(����).xls.csv,0
13-16Ȩ�ý�(HOMETAX)��������Ȳ.XLS.csv,0
6-4-8. �����ΰ� ������ ��躰 ��� ��Ȳ.xls.csv,0
7-9��պε��꼼�г���Ȳ.xls.csv,0
6-5-3. ����� ��� ��� ��Ȳ(6-8)(p.275).xls.csv,0
2-4-2. ��������� �������� ��Ȳ (2).xls.csv,0
13-13�ֽĺ���������.XLS.csv,0
b63516a3ff2e782375da60462f0ffaed2afa8ba7a3358755b63e7b0b0bb0e97a.vt.csv,0
bfe49e2bd5744eff9fd4f5afc01fc88abe8f4738d8215d2f4523d98ffc841296.vt.csv,1
9-6-5. �Ϲݻ���� �ΰ���ġ�� ȯ�� �Ű� ��Ȳ��(��).xls.csv,0
ae1fec9405e005b84199f92e5b7aea7129fca79f7576263172af68d67b970113.vt.csv,1
2-3-2. ü���� ��� ����(��)_12��.xls.csv,0
13-9. Ż������ڷ� ó�� ����(p.715).XLS.csv,0
6-9�����Ը��������ο���Ȳ.xls.csv,0
491d8a45e79b11490a12be121cab5c7bfd1ded4049b9f84346e34dd5881ed251.vt.csv,1
37f86f55edeeeae49fcd441a94d138b3a46f5d24b64c2833829e7278c494d68b.vt.csv,1
11-4. �����Һ� ���� �Ű� ��Ȳ (2).xls.csv,0
3f6234d7f6e88a25707a252658fa8f21711ce0efd10136ec6b74e6781315739e.vt.csv,1
2-4-1. ���� �������� ��Ȳ(��2-12)(p.94).xls.csv,0
8-10���μ��߰������Ű���Ȳ.xls.csv,0
77a334c70a773908ec149d8a39628a26b73ddb611615c2f9c6b7b43dd31d38fc.vt.csv,1
1a88536d2164d6c3b6d050a5f766dd703b69a49d8174586993b1266f806a5b22.vt.csv,1
10-3-3. ��Ư���� ������ ������ ��Ȳ (3).xls.csv,0
9-9-2. ��ݿ����� ����� ���� ��Ȳ(p.593).XLS.csv,0
8c13ef8ef6ddd42595210adaaedc8f953b9f0bd1608c25e6b2f20e26691b55b4.vt.csv,1
12-2-5. �ܱ������ڹ��� ���� ��Ȳ(p.695).xls.csv,0
66ce8434413e0c36d410b025046a7535432e4d92e086e9085bf2a9698814cdd2.vt.csv,1
38c556d3864acffc91332ffad4285b60d465c430ed37fc09c35a1b97a2dc2cb6.vt.csv,1
50659a3df5ee373d9d276c87fac3fa0eba079483ce6f6f74ac623c34410598d1.vt.csv,1
9-23�ΰ���ġ���鼼����ڼ��Աݾ���Ȳ.XLS.csv,0
560f2a63921c923c6f4739bf567ec024b3273e88ea02952b347934d48312a5db.vt.csv,1
2d81507cdaa1890ba75d7f694e629fad2db4686037a982c716620073d8714089.vt.csv,1
538010603cebfacc989f766cbcfdd88378447ea60aefb1fb90c0675491c1a667.vt.csv,1
5-4-4. 8�� �̻� �ڰ��ο� ���� �絵�ҵ漼�� ��� ��Ȳ(�ε��������. �絵���� �Ը�)_12��.xls.csv,0
41c96fdcfd3d31d7e91eb7f0edb53142107a0c561b2b2775bcef5c89d6520de1.vt.csv,1
14-1-15. �ξ��ڳ� �ο� �ٷ����� ��� ��Ȳ(�ѱ޿���.�ٷ����ݱԸ�).xls.csv,0
11-11. �����Ư������ ���� ��Ȳ.xls.csv,0
7-1-1. ��պε��꼼 ��� �Ű� ��Ȳ(7-1)(p.281).xls.csv,0
5488c2e82d284b0588b58fe0286345ed2890f6b0926f85b71dd9daa0841cdc18.vt.csv,1
62b6808b18ce89b8d67be7e33ee67842b9363c0018555c12d7e0c1b15da598ec.vt.csv,1
2-2���񺰿����¡�����.XLS.csv,0
1-5���������������Ȳ.XLS.csv,0
7-5��ǥ�رԸ𺰺�����ü���պε��꼼�Ű���Ȳ.xls.csv,0
5-7�絵�ҵ漼������.XLS.csv,0
8b4607978cb59cd589532cc2bd21c16b42ee311b9c6b6d40992098f978a2ae72.vt.csv,1
86bba7bac0d1573e5787def7aa6e15d8c89d9bc94a97fdf636b5e5186dcd83c5.vt.csv,1
02573882a47405e13e121297f8429ec5dbca440c25c421bb599d393ba722d6db.vt.csv,1
3-5��ռҵ�ݾ׻��30%�Ű������ο����.XLS.csv,0
7073c55a5532d90c738993c14b6f983d1fb75030799e40249086f739c07c4ddc.vt.csv,1
6-4-5. �������� ���ɺ� ��� ��Ȳ(p.291).xls.csv,0
97ef2cbfa9c55bd36e731e2a8d2af1f1d591c02b91e1196e1d4ba06fec1804bb.vt.csv,1
686e944de9e0a6d1b04a4231a3813697e52f5a3d275ba04b5ca019c73bb2d0b3.vt.csv,1
3bed177f83c22da617210f7d5b5a2489393b1f5ea43ae9b786de9d373bad7df8.vt.csv,1
12-8�ܱ��αٷ����Ǳٷμҵ濬�������Ȳ.xls.csv,0
a54fe62838726ab29e7c0bbfe5be35be80ecd5068dbf6f6126c4217952f6d8d3.vt.csv,1
7-4-1. �����ջ� ����� ��պε��꼼 �Ű� ��Ȳ I(p.305).xls.csv,0
8a22f27686da02c0faa711d9298141e2d8118769c7194529ccf8e07754ec5661.vt.csv,1
a42544386d57afade0b7ea4d8fd7561896d6e4836ef97ef0b1447b99ccda39b1.vt.csv,1
3e38cc38c3e05cc3a0bd7757989ae41ef1ef94f0c9d6de5a0518d15da9dfa741.vt.csv,1
13-8. �����Ģ ��� ����(�� 13-11)(p.620).XLS.csv,0
8437510b14bef4d0c535dba910e1c20df0ae3a11284a44f5e1fa432accb0363e.vt.csv,1
8-6-3. ������ ���͹��� ���� ���μ� (2).xls.csv,0
5e00d502355f862821e72eb95eb36b6ab90e8d8db99791e61f456d77c7d11194.vt.csv,1
1f72013d22db9f9ecfb1a82f4d6ad2fe624e78dba93a165db45e6507ed388661.vt.csv,1
10-3-3. ����� �� ���� ��Ȳ(���� 10-9)(p.551).xls.csv,0
10-3-2. �μ��� ������ ������ ��Ȳ (2).xls.csv,0
7-3-1. ����ջ������ ��պε��꼼 ��Ȳ��(��. ���������).xls.csv,0
4-4-3. 10�����������������ɺ�����ҵ��õ¡��Ű���Ȳ(��4-8)(p.205)���.xls.csv,0
1-5. ����δ�� �����(��1-3)(p.48).xls.csv,1
9-4-6. â�� ���̻������ �ΰ���ġ�� �Ű� ��Ȳ (2).xls.csv,0
8-4-3. ���μ��� �� �����Ư���� �Ű� ��Ȳ(�� 8-17)(p.344-345).xls.csv,0
8-4-1. ������ǥ �ֿ� ������ ��(p.376).xls.csv,0
14-2-5. ���Ӵ��� Ȯ����� ��û ��Ȳ(�ű�)(p.642).XLS.csv,0
1-2. ����û �Ұ� ���� ��Ȳ(p.3).xls.csv,0
2-5-1. ���ڳ��� ��Ȳ(2-14)(p.96).xls.csv,0
7a05b98601843714aad191d0eb64c236e411411ddfca813227b0931362dfe903.vt.csv,1
7-4-2. �����ջ� ����� ��պε��꼼 �Ű� ��Ȳ II(p.306).xls.csv,0
7-1-1. ��պε��꼼 �Ű� ��Ȳ I(p.297).xls.csv,0
9-3-2. ���̻���� ���º� �ΰ���ġ�� �Ű� ��Ȳ(����9-5)(p.417-418).xls.csv,0
42856f09e85a0ceeafe168fdfb3668c79a17d91e76d16104b3d06b5aee5c289d.vt.csv,1
7-8�������պε��꼼�Ű���10�������.xls.csv,0
192f9036a6212bc56c3244607a3184e460e0d516077cd8e07857f8a91f9afef1.vt.csv,1
9-1-4. �ΰ���ġ� ��Ȳ.xls.csv,0
492e86dc878d14aa8a8ed063bd717959efdeb33a92a5c33a5075b8d985917076.vt.csv,1
40a4bfba6f0cfd2a67070130c12b0619f36e54883d9cfbf4e02c89239e8e85ec.vt.csv,1
5be589570751f4d8ead65ec9ce502637464568eca45f35dca61a195e6cb35f90.vt.csv,1
4ae5d8ef2ca5cb3b3f9df0024c13ebea85fb15b7783f46f7c2cccb22f5dfcafd.vt.csv,1
13-6. �ֽĺ��� ��� ���� (2).xls.csv,0
ac521d693f271dc90971e6f110675d7f21a8ab719099db6e19db6fdf78e2a2ea.vt.csv,1
1-1. ����û �Ұ� ���� ��Ȳ.xls.csv,0
7-3-1. ����ջ� ����� ��պε��꼼 �Ű� ��Ȳ I(p.303).xls.csv,0
13-7. �ڷ�� ��� ����(�� 13-12)(p.619).XLS.csv,0
9-7-7. ���̻���� ��������º� �������� ��Ȳ(���� 9-11)(p.487-488).xls.csv,0
6-2-3. ����� ��Ӽ� ��� ��Ȳ (2).xls.csv,0
12-2-5. �ܱ������ڹ��� ���� ��Ȳ.xls.csv,0
38d1425f287d3f5c61499b8dad4efd393c1d5a3aa91c2fcfba9cefa562a8922d.vt.csv,1
7-4-1. �����ջ������ ��պε��꼼 ��Ȳ��(��. ���������).xls.csv,0
14-2-1. ������νɻ�û�� ó�� ���� (2).xls.csv,0
9f647e7e77bbf99f1eb16ad92bf09021f285334286f4189ce960d456b28477cc.vt.csv,1
10-3-3. ��Ư���� ������ ������ ��Ȳ.xls.csv,0
a58ed2535dc9019eab137280da8ffbfc91cdf4f665a03ffc3f230ae2637435f9.vt.csv,1
9-7-5. �Ϲݻ���� ��������º� �ΰ���ġ�� �������� ��Ȳ(���� 9-11)(p.483-484).xls.csv,0
9-1-5. ���λ���� ���º�����ǥ�� �Ը� �ΰ���ġ�� �Ű� ��Ȳ(�ű�)(p.390-392).xls.csv,0
1299b3224122a161992981d0d013924f8640e0686e27d027a39628139839fa70.vt.csv,1
9-4-4. �ֿ� ����� ���񽺾� �ΰ���ġ�� �Ű� ��Ȳ(�ű�)(p.443).xls.csv,0
9-2-7. ����ڴ���� ���λ������ �ΰ���ġ�� �Ű���Ȳ.xls.csv,0
096d14742e768a7f30aeaeb07d6ac8089d3f145cddf574736a66e0bf929c8e0e.vt.csv,1
a4d093b5b4825d7d30d64f6a4ba80a2b1079e688ac1a576bdb3d082ff44eaec8.vt.csv,1
aac9f0b60541dae0a154df27b9b6c50185201c18bd351cf7258f835591581810.vt.csv,1
5-2-3. �絵�ҵ漼 Ȯ��Ű� ��Ȳ III(p.222).xls.csv,0
9-8-4. ���λ���� ���������º� ��Ȳ(9-18)(p.497-498).xls.csv,0
2-1-2. ������������ ���� ����(p.13-15).xls.csv,0
8c90ad677c661e7a71283c828b3d437d086ff2aad3b78b792769b10a67ce8bd8.vt.csv,1
6d3bc31573f4edc691a331e0e479012b16132fdb26c0ba0a321dd2ba22c9faeb.vt.csv,1
49759294bd3506c09321b01ad96676525a588de5dba06c82179791bf7e42827a.vt.csv,0
19f89210313049315fada0c072407c4edfb0155bdd5097eb4bfec67e2286ef0d.vt.csv,1
8533622edd8501749e0d8fed322008ec6326afa2b2e24ad0ba96419a4f738c07.vt.csv,1
b2fd10071e595828f539d850e783280e5046621fdb0f957d0679d379576314a5.vt.csv,1
4-1-2. ��õ¡���� ��õ¡�� �����Ȳ �Ű� ��Ȳ(��4-1)(p.162).xls.csv,0
09c5f8aabb600437d1b53ec8df37998fd51c5a02f2ae2fd199ebe315599c23a4.vt.csv,1
b98029b52d505131f395b1e941e7805345acab79cba2941d9e56d379cadcbc6c.vt.csv,1
5a8cc4a8413406d4bc4cb9921b7243346a423a9fe9d376ae0c605bf6fe4f33e3.vt.csv,0
6aa43fdce6ff514a9467ffaee5b6fdc1a0231b282cef1b1e9cfc2c4cc4a76a41.vt.csv,1
4868cf28ea360c75ee20c2c6e00788da8611604c665f8ace524f6ecae538f1a2.vt.csv,1
3-1-6. ��ռҵ漼�� �� �����Ư���� �Ű� ��Ȳ.xls.csv,0
1-2. ������ ¡���� ��Ȳ.xls.csv,0
2-3-3. ü���� ��� ����(p.45).XLS.csv,0
8b3fb5fd830b41507ba0a13241c666d3ad572e17331218a1c7695336327e30fa.vt.csv,1
13-17. ���λ���ڡ����λ���� ���º� ��� ���� (2).xls.csv,0
9-8-2. ���º� ����� ��Ȳ(���� 9-17)(p.493-494).xls.csv,0
3-3��ռҵ漼�����ο���Ȳ.XLS.csv,0
2-3-7. ��� �з� ��Ȳ.xls.csv,0
13-10Ż������ڷ�ó������.XLS.csv,0
4-1-3. ��õ¡�� �����Ȳ �Ű� ��Ȳ��(¡���ǹ������ ������) (2).xls.csv,0
a931387bd6bad017d88f58201b4ac608cb4a81586c85fca7f284f245c0d45754.vt.csv,1
70c385a746be7d0dd26994f2e84a2f502091685b83e41ece9e8adf5c44f5552c.vt.csv,1
3-1-5. ����ҵ� ��հ� �Ű����� ��ռҵ�ݾ� �Ű� ��Ȳ_12��.xls.csv,0
9-10-1. �ΰ���ġ�� �鼼����� ���Աݾ� ��Ȳ I (���Աݾ�).xls.csv,0
b17edb60a32084134a219870e105b25f725225ca42cfd8bd5eb27f29e15e26c2.vt.csv,1
9-2-6. â�� ���λ������ �ΰ���ġ�� �Ű� ��Ȳ(��.����).xls.csv,0
9-5-2. ���λ���� ���º� �ΰ���ġ�� ȯ�� �Ű� ��Ȳ(�ű�)(p.448).xls.csv,0
7-1-3. ��պε��꼼 �г� �Ű� ��Ȳ(7-9)(p.283).xls.csv,0
14-1-6. ������ �ǰ��� �λ�Ҽۻ�� ó�� ����(p.728-729).xls.csv,0
765cf3e975650895122b659085ee0ff0fa21fc9fa60bdcc87e9b31780f09f05c.vt.csv,1
364a9091c37a9ecab17a4fa5c57a42d982121cbf94bd0e3ece75840c801da54c.vt.csv,1
41d5bb07580a124c34aa007b5c22f1a05c235eb5fa66188b1cacc8ff2015345a.vt.csv,1
6bd916c80821c7d24cf0491891d70a23245719e1743b120408e05c8492dd8666.vt.csv,1
1-4������漼�����Ȳ.XLS.csv,0
3c768224187bce439b66a5174b37e7b11f7873e3cedf111425abaa42e98e8715.vt.csv,0
b45623c93a5ad671410e08083cf878185f344e65e81fd6886330241424b63400.vt.csv,1
5-2-3. �ڻ�����򰡱��غ� �絵�ҵ漼 Ȯ��Ű� ��Ȳ(5-4)(p.221).xls.csv,0
2-8�����������ü������Ȳ.xls.csv,0
11-11. ������� ���� ��Ȳ.xls.csv,0
4c2772556323bbc74f23e33cc96425606b6baf7bb316bec336a80b6465ec10b6.vt.csv,1
14-2-2. ����û��������� ������� ����(p.731).xls.csv,0
10-4-2. �ַ�� ���ī�� ȸ���� �� ��� ��Ȳ(10-11)(p.556).xls.csv,0
2e543bdf1e2ef433af6dfe325f5ad0bbdd85fa106a791ae9f4b2af4852a8b363.vt.csv,1
4-1-1. �ҵ� ��� ��õ¡�� �����Ȳ �Ű� ��Ȳ(4-1)(p.161).xls.csv,0
1798d0ca114dc162c57600c45ecc01b68a412fa9bfbce0ad58a173187470da4e.vt.csv,1
10-3-3. ��Ư���� ������ ������ ��Ȳ_2������.xls.csv,0
b9065658900f2098deb9c59f3fae9ec326a9c2189a92a53208f94d5b5ce2dbe8.vt.csv,1
8-4-1. ���μ� �߰����� �Ű� ��Ȳ(�� 8-10)(p.339).xls.csv,0
6497e3829317b6dc73b917c5c9333c48e29b366a5ec41d1bedaa13a3271342c3.vt.csv,1
0e201d6a6fbac62df83faedc6af867e1b17de08220698b5f06c204ad4d936b83.vt.csv,1
10-3�μ��������Ȳ.xls.csv,0
5db4497474066653bc0c25ac165b45a22857e3af76e716cf6d1f32b420649cf1.vt.csv,1
379cc5c8c738173f0063184ecb378e9bca78893a5ba21bf60683aaf29739c7de.vt.csv,0
48385499b9708d8c29cd5567ebecd69da2fd3e94f761a88e4fc99359ce3165f0.vt.csv,1
8e0ddb5abdb6a6b5196e3a4182f3becccfc302c013dce60836896d79f2d7da2a.vt.csv,1
2-3-5. ���ü���� ��ܰ� ����(�ű�)(p.91).xls.csv,0
13-6. �ֽĺ��� ��� ����(13-13)(p.618).XLS.csv,0
8-7-3. ����������º� �Ű� ���μ�(���� 8-15)(p.359-360).xls.csv,0
14-4-3. �����븮�� ��Ȳ(p.748).XLS.csv,0
3-3-1. �ּ��� ��ռҵ漼 Ȯ��Ű� �ο� ��Ȳ(3-3)(p.136).XLS.csv,0
41fd97847968ea5227443b6f9137866d4fff02f4a9f935c3de8e995be63bcf96.vt.csv,1
2a8c6c04c3126aa450bbad8587565dd57ea488811478a5a2ddf37fe5dd213ac5.vt.csv,1
14-4-2. ������ ����(p.747).XLS.csv,0
12-2-9. �ܱ������ڹ��� ���� ��Ȳ (2).xls.csv,0
0dce79366b3b27c1b3bdc1f5b922791bb34fb6154c539e548bc2e341174f3832.vt.csv,1
86caa557b2b4d67ce75bad022a3cb63d84fbce8925834c5ef36134ebd3e25228.vt.csv,1
5-4-3. �絵�ҵ漼 ���װ����װ��� ��Ȳ.xls.csv,0
3d31d806da05ccd88dca7c7185c1633ea42f416920570419f615e6e37bf1ebac.vt.csv,1
12-5�ܱ������ڹ��ΰ�����Ȳ.xls.csv,0
2-7ü�����������.xls.csv,0
11-6��ǰŷ����Ű���Ȳ.xls.csv,0
af3be458c2d7e697c9dc6c206679b04b40e22bd9d29b03bfed7d24f49ada4b93.vt.csv,1
8-5-1. ���μ� �������� ��Ȳ(�ű�)(p.346).xls.csv,0
10-2-1. �μ��� �ַ���� ��� ��Ȳ(p.617-619).xls.csv,0
3-1-7. �ٷμҵ����� ��ռҵ�ݾ� �Ű� ��Ȳ��_12��.xls.csv,0
12eeb4d6ed06fdaa609b2bedb2c8433c5c1426cf8fec63aa0d9b62d53857656a.vt.csv,1
6-4-5. �������� ���ɺ� ��� ��Ȳ (2).xls.csv,0
5648457dfae2b338957ee80b0a985827db9170dbbb3e0b4867844812ec1a045a.vt.csv,1
13-5. �ַ� ����� ������� ���� (2).xls.csv,0
92c684db19e5fc4336fb13c69f77f279f4441fffddf8f31db3a40a2eb8a60bec.vt.csv,1
41952166cc83aa9d949b23711917241def2f1f12d68922f7e831d1b67b626506.vt.csv,1
2-3-6. ��׻��ü���� ��ܰ����� ��ݼ� ���� (2).xls.csv,0
8424f360c5db3bec370b0317cef532d9e35e1b14976db476b5a5748abec0f026.vt.csv,1
59464375059f6a44a5324001353f073bdae73c38852d3ddaba7a11c32b01ef0a.vt.csv,1
5-4-2. �絵�ҵ漼 ���װ����װ��� ��Ȳ.xls.csv,0
211fb00ce8e41d6f2b9102ebd8bd974edb3bd65738873a8611c2ef1b9671ae5d.vt.csv,1
3-4��ռҵ�Ը���ռҵ漼Ȯ��Ű��ο���Ȳ.XLS.csv,0
7-4�����ջ��������պε��꼼�Ű���Ȳ.xls.csv,0
4c5a2e8eba1cad1f887c7bbb793a0c00a4de80d0bbad0958bcf992bbd2947e65.vt.csv,1
94e5c71cb5bb01b1385b2e128fdf052d2aae34aaa870d82ba1159bface5cb8eb.vt.csv,1
91377c7c09980e48c2c7aba5a3a66d71c9c6c471ca2dc02a186c7c9e72841438.vt.csv,1
12-3-3. �ܱ��� ��ռҵ漼 �ֿ��׸� �Ű� ��Ȳ II(p.699).xls.csv,0
6-3-5. �����ΰ� ������ ��躰 ��� �Ű� ��Ȳ.xls.csv,0
548297fd187999659c3cdd482d227e0f9b66fb7687cd48484aa5613c3f73dfe7.vt.csv,1
9-9-4. �ſ�ī�尡��� ���� ��Ȳ(�ű�)(p.520).xls.csv,0
a1b3e7b6b3330198ca2cbc5dd8f9a8fc6f7255680629f27c00f552b3982e8770.vt.csv,1
15388534560757c5b1d160fe59106e4201456d15a1fb6b855cf94b539dfa8b57.vt.csv,1
9-1-2. �ΰ���ġ�� �Ű� ��Ȳ I (p.422-423).xls.csv,0
6-8�������������Ȳ.xls.csv,0
5-5-3. ���ǽ��� ���ؽð� ��� ��Ȳ(p.245).XLS.csv,0
9-8-7. �����ǹ� ����� ��Ȳ (2).xls.csv,0
58ee44aa9bfea514b4b597a018e15e22d978c65ec2d7102390e6ecf326bfa826.vt.csv,1
1-3����δ��.XLS.csv,1
8-15���º��Ű���μ�.xls.csv,0
4-1-2. ��õ¡�� �����Ȳ �Ű� ��Ȳ��(��õ¡����. ¡���ǹ������. ��� �ϰ��) (2).xls.csv,0
8-4-4. ���Ͱ�꼭 �ֿ� ������ ��(p.384).xls.csv,0
6-3-3. ����갡�ױԸ� �Ű��ο� ��Ȳ.xls.csv,0
8-1-8. ����� �絵�ҵ濡 ���� ���μ� �Ű� ��Ȳ(p.352-353).xls.csv,0
5-4-3. �絵�ҵ漼�� �� �����Ư���� ��Ȳ(�ű�)(p.233).xls.csv,0
3-4-2. �ҵ� �Ը� ��ռҵ�ݾ� �Ű� ��Ȳ(�ű�)(p.141-142).XLS.csv,0
12-5-1. ���߰������� ü�� ��Ȳ(p.704).xls.csv,0
11-9. ���� �Ű� ��Ȳ��.xls.csv,0
9-10-1. �ΰ���ġ�� �鼼����� ���Աݾ� ��Ȳ I (���Աݾ�) (2).xls.csv,0
2-1����¡�����.XLS.csv,0
14-1-9. �ҵ���� �ٷ����� ��� ��Ȳ��(�ѱ޿���.�ٷ����ݱԸ�).xls.csv,0
7-3-2. ��ǥ�� �Ը� ����ջ� ����� �Ű� ��Ȳ(7-6)(p.288).xls.csv,0
5-4-2. ���þ絵�� ���� �絵�ҵ漼 �Ű���Ȳ(�ε��������.�絵���� �Ը�) (2).xls.csv,0
4a8ce8630a1b3581b8365503b1511f38aa642f6972aabbf12724200c6df05004.vt.csv,1
b98c242b232975add962c735def8dd20ef914a565d764178d1fb2bbd7ba0cba5.vt.csv,1
10-3-3. ��Ư���� ������ ������ ��Ȳ (2).xls.csv,0
3-3-3. ��ռҵ�ݾ� ���30% �Ű����� �ο� ����(3-5)(p.138).XLS.csv,0
01c97cfc73ba88e10a5d93f8c6a6f489133f70c75b783c9781fe5cf482cc6466.vt.csv,1
91d248f4157e5eaa308cd047ad7610d78bd1a02e7eeb8f3d94babe9851e9e12a.vt.csv,1
94b1ff84b35d3fcbee18be79e8414616c397fe83c56e5da6618767d3c40b57f7.vt.csv,1
61935a28e9b97d8cdf26f1477b6d1da2d18fe17a99184d5736b14d228f782502.vt.csv,1
1a1c1663a06cfc260ee31e76f9f5361fb95c3ee048bb3f1413cd321c42beb1ad.vt.csv,1
b3603ba69b477a3edbfef3be274776c101ddf2919798322d3ae3cc941d5811ee.vt.csv,1
2-9ü�����������׺ҳ���ս���.xls.csv,0
5-4-4. 8�� �̻� �ڰ��ο� ���� �絵�ҵ漼�� ��� ��Ȳ(�ε��������. �絵���� �Ը�).xls.csv,0
14-3-4. Ȩ�ý�(HOMETAX) ������ ��Ȳ(p.742).XLS.csv,0
3-3-1. ��ռҵ漼 Ȯ��Ű� �ο� ��Ȳ.xls.csv,0
5-4-5. �絵�ҵ漼�� �� �����Ư���� ��Ȳ(p.242).xls.csv,0
049b79dbaebc327aaa16695f590efb893f6339cab2feb5069387656553f48b05.vt.csv,1
2-5-1. ������� ���� (2).xls.csv,0
11-4. �����Һ� ���� �Ű� ��Ȳ_1������.xls.csv,0
71d10ee28edf1d898d13cf8c4f1d40459e0e0d1728b37f38341c2b60a3bba891.vt.csv,1
13-5. �ַ� ����� ������� ����(�� 10-6)(p.617).XLS.csv,0
12-3-3. �ܱ��� ��ռҵ漼 �ֿ��׸� �Ű� ��Ȳ II (4).xls.csv,0
98ecf45d32e6b2a505f4d5957f3875b0fbe0e02144958d896534691b4932f7b5.vt.csv,1
9-13�ΰ���ġ��¡�����.xls.csv,0
9cc6beb88053e29fc78f1fb171835622a83cdc369580fd39f28cdf898cda0513.vt.csv,1
204a96e003b40eeb75a1dbe38e7b7edcb9c64d20463aa1aeac87071e9ebf25f4.vt.csv,1
b6b627643d65720e288b85350ce5aeecedd27d3686fcf314dc2c7f260ac9bf4a.vt.csv,1
11-2Ư���Һ񼼽Ű���Ȳ.xls.csv,0
11-4���뼼�Ű���Ȳ.xls.csv,0
66ea5d8983c0788ff7bcf8b5e86eb22dd5463e7fac75e1aa26fb49b89c6532fb.vt.csv,1
45b0dbd738407cf31ad40085ae3b21cb6a924963e8f058694653ecd47011545a.vt.csv,1
8-6-3. ������ ���͹��� ���� ���μ�(p.404).xls.csv,0
6-1-3. �ǻ������ ���ɺ� �Ű� ��Ȳ(p.261).xls.csv,0
7d73088bb16aecfedbe6fef28cd7bb1f8f6b8a89b440e3bba3557a1752eb1458.vt.csv,1
11-9. ���� �Ű� ��Ȳ(�ű�)(p.573).xls.csv,0
4-1-3. ��õ¡�� �����Ȳ �Ű� ��Ȳ��(¡���ǹ������. ����) (2).xls.csv,0
2385bf1e13fd47669145c63d67d44b4e5267c0d2cd0ecbd70ee11954effad508.vt.csv,1
34b91627df8b55370c35d9440cd5b4bc1e6c367d641e48e54b9d1f16c32e4895.vt.csv,1
173e54f403d2098b546726813dda0db840dfe57d5a7e04467709f34091633c3a.vt.csv,1
b03108166a830ac4264d69783fea22b969def845534af6657a31c0fe1f0269b6.vt.csv,1
7-1-2. ��պε��꼼 �Ű��� 10��� ����(7-8)(p.282).xls.csv,0
13-2. �絵�ҵ漼 ��� ����(5-7)(p.613).XLS.csv,0
047eef81ccfc084779cff347a4b963972c0dbcee327a0ec43124d0622981ecb2.vt.csv,1
2d240c84f4bae7dfceab6ead5369b3c48e2d9d2267a42f91a096784343e73424.vt.csv,1
04a5e6044a674b1e82ad3efcb6a35acac2b9003407b5dc767bb87583b1539d93.vt.csv,1
ade8fdb4d42b60ba73c7499f0124e3f35790253ce75a3e66f6a3bcb8c08ef84e.vt.csv,1
